time,UGAAPOA1IRR,UGABPOA1IRR,UGAEPOA1IRR
2017-01-01T00:00:00+00:00,0.0,0.0,0.0
2017-01-01T01:00:00+00:00,0.0,0.0,0.0
2017-01-01T02:00:00+00:00,0.0,0.0,0.0
2017-01-01T03:00:00+00:00,0.0,0.0,0.0
2017-01-01T04:00:00+00:00,0.0,0.0,0.0
2017-01-01T05:00:00+00:00,-0.0096875,0.0,0.0
2017-01-01T06:00:00+00:00,0.0,0.0,0.0
2017-01-01T07:00:00+00:00,0.0,0.0,0.0
2017-01-01T08:00:00+00:00,0.0,0.0,0.0
2017-01-01T09:00:00+00:00,0.0,0.0,0.0
2017-01-01T10:00:00+00:00,0.0,0.0,0.0
2017-01-01T11:00:00+00:00,0.0,0.0,0.0
2017-01-01T12:00:00+00:00,0.0,-0.0240126582278481,0.0
2017-01-01T13:00:00+00:00,0.36320706260032104,1.475593900481541,3.4677367576244027
2017-01-01T14:00:00+00:00,7.459193825042899,13.861499142367082,12.224655231560902
2017-01-01T15:00:00+00:00,16.153308873720103,25.58162286689418,22.1186774744025
2017-01-01T16:00:00+00:00,28.44806776859504,40.821314049586846,40.145651239669625
2017-01-01T17:00:00+00:00,43.50059999999998,58.64023888888892,63.60909861111144
2017-01-01T18:00:00+00:00,52.42798888888882,72.65185972222206,73.43719027777789
2017-01-01T19:00:00+00:00,30.676233333333343,46.010584722222234,39.78931805555536
2017-01-01T20:00:00+00:00,22.66591388888877,34.80066388888894,29.44048055555534
2017-01-01T21:00:00+00:00,2.461125000000004,5.395895833333319,5.952008333333311
2017-01-01T22:00:00+00:00,0.0,0.01077361111111111,0.11289583333333336
2017-01-01T23:00:00+00:00,0.0,0.0,0.0
2017-01-02T00:00:00+00:00,0.0,0.0,0.0
2017-01-02T01:00:00+00:00,0.0,0.0,-0.009063888888888889
2017-01-02T02:00:00+00:00,0.0,0.0,0.0
2017-01-02T03:00:00+00:00,0.0,0.0,0.0
2017-01-02T04:00:00+00:00,0.0,0.0,0.0
2017-01-02T05:00:00+00:00,0.0,0.0,0.0
2017-01-02T06:00:00+00:00,0.0,0.0,0.0
2017-01-02T07:00:00+00:00,0.0,0.0,0.0
2017-01-02T08:00:00+00:00,0.0,0.0,0.0
2017-01-02T09:00:00+00:00,0.0,0.0,0.0
2017-01-02T10:00:00+00:00,0.0,0.0,0.0
2017-01-02T11:00:00+00:00,0.0,0.0,0.0
2017-01-02T12:00:00+00:00,0.0,0.0,0.0
2017-01-02T13:00:00+00:00,5.2541708333333395,9.013338888888889,8.681437500000012
2017-01-02T14:00:00+00:00,24.065523611111136,37.12839027777765,31.640131944444242
2017-01-02T15:00:00+00:00,32.87941527777788,49.92643194444454,43.042677777777655
2017-01-02T16:00:00+00:00,30.668775000000092,43.91107638888895,43.1317569444444
2017-01-02T17:00:00+00:00,20.346684722222218,28.479043055555586,31.782801388888775
2017-01-02T18:00:00+00:00,31.187175000000046,42.96507083333334,43.31714305555526
2017-01-02T19:00:00+00:00,46.73102638888887,67.2671458333336,59.11250000000018
2017-01-02T20:00:00+00:00,37.50631527777787,55.843391666666655,47.11520833333308
2017-01-02T21:00:00+00:00,11.237477777777743,17.454809722222244,18.95285694444433
2017-01-02T22:00:00+00:00,0.0,0.0,0.018313888888888893
2017-01-02T23:00:00+00:00,0.0,0.0,0.0
2017-01-03T00:00:00+00:00,0.0,0.0,0.0
2017-01-03T01:00:00+00:00,0.0,0.0,0.0
2017-01-03T02:00:00+00:00,0.0,0.0,0.0
2017-01-03T03:00:00+00:00,0.0,0.0,0.0
2017-01-03T04:00:00+00:00,0.0,0.0,0.0
2017-01-03T05:00:00+00:00,-0.006219444444444444,0.0,0.0
2017-01-03T06:00:00+00:00,0.0,0.0,0.0
2017-01-03T07:00:00+00:00,0.0,0.0,0.0
2017-01-03T08:00:00+00:00,-0.010423611111111111,0.0,0.0
2017-01-03T09:00:00+00:00,0.0,0.0,0.0
2017-01-03T10:00:00+00:00,-0.010398611111111112,0.0,0.0
2017-01-03T11:00:00+00:00,0.0,0.0,0.0
2017-01-03T12:00:00+00:00,0.6440138888888892,0.8071999999999998,0.8350833333333327
2017-01-03T13:00:00+00:00,17.60068749999997,23.720919444444416,22.704655555555448
2017-01-03T14:00:00+00:00,51.01868888888902,66.2714388888887,59.53370555555564
2017-01-03T15:00:00+00:00,221.4216541666665,216.0796208333333,195.87157777777747
2017-01-03T16:00:00+00:00,221.68747499999932,212.14276944444472,193.49705694444447
2017-01-03T17:00:00+00:00,94.80678720445071,118.47186230876198,122.00181223922094
2017-01-03T18:00:00+00:00,81.77472222222225,109.03231388888904,108.71634583333353
2017-01-03T19:00:00+00:00,96.09854166666666,116.57610555555559,97.89901111111095
2017-01-03T20:00:00+00:00,165.04281527777806,182.78643194444447,167.5045569444443
2017-01-03T21:00:00+00:00,141.62644027777813,108.39097361111114,104.15174861111045
2017-01-03T22:00:00+00:00,4.2246722222222255,3.1625416666666886,5.195181944444466
2017-01-03T23:00:00+00:00,0.0,0.0,0.0
2017-01-04T00:00:00+00:00,0.0,0.0,0.0
2017-01-04T01:00:00+00:00,0.0,-0.01162638888888889,0.0
2017-01-04T02:00:00+00:00,0.0,0.0,0.0
2017-01-04T03:00:00+00:00,0.0,-0.021183333333333335,0.0
2017-01-04T04:00:00+00:00,0.0,0.0,0.0
2017-01-04T05:00:00+00:00,0.0,0.0,0.0
2017-01-04T06:00:00+00:00,0.0,0.0,-0.012961111111111112
2017-01-04T07:00:00+00:00,0.0,0.0,0.0
2017-01-04T08:00:00+00:00,0.0,0.0,0.0
2017-01-04T09:00:00+00:00,-0.009352777777777778,0.0,0.0
2017-01-04T10:00:00+00:00,0.0,0.0,0.0
2017-01-04T11:00:00+00:00,0.0,0.0,0.0
2017-01-04T12:00:00+00:00,1.2369138888888884,0.8008472222222223,1.5628027777777767
2017-01-04T13:00:00+00:00,122.5677152777779,68.44708472222219,99.68567222222259
2017-01-04T14:00:00+00:00,220.88843888888883,162.2167694444445,194.01570555555566
2017-01-04T15:00:00+00:00,538.4638194444445,390.1484694444446,396.73321250000066
2017-01-04T16:00:00+00:00,465.1285694444448,418.35891527777807,360.2596958333337
2017-01-04T17:00:00+00:00,395.57640416666675,410.3489999999999,369.6284319444444
2017-01-04T18:00:00+00:00,300.2873152777775,326.26041944444427,295.861859722223
2017-01-04T19:00:00+00:00,216.62610416666664,251.16497499999977,222.21867916666685
2017-01-04T20:00:00+00:00,169.25172916666648,180.8343347222225,164.58017361111143
2017-01-04T21:00:00+00:00,50.6185583333335,63.2847666666667,66.53737083333408
2017-01-04T22:00:00+00:00,3.950199999999997,5.098251388888888,6.945179166666686
2017-01-04T23:00:00+00:00,0.0,0.0,0.0
2017-01-05T00:00:00+00:00,0.0,0.0,0.0
2017-01-05T01:00:00+00:00,0.0,0.0,0.0
2017-01-05T02:00:00+00:00,0.0,0.0,0.0
2017-01-05T03:00:00+00:00,0.0,0.0,0.0
2017-01-05T04:00:00+00:00,0.0,0.0,0.0
2017-01-05T05:00:00+00:00,0.0,0.0,0.0
2017-01-05T06:00:00+00:00,0.0,0.0,0.0
2017-01-05T07:00:00+00:00,0.0,-0.009465277777777779,0.0
2017-01-05T08:00:00+00:00,0.0,-0.008429166666666666,0.0
2017-01-05T09:00:00+00:00,0.0,0.0,0.0
2017-01-05T10:00:00+00:00,-0.016422222222222223,0.0,0.0
2017-01-05T11:00:00+00:00,0.0,0.0,0.0
2017-01-05T12:00:00+00:00,7.368808333333331,4.338022222222227,4.921194444444447
2017-01-05T13:00:00+00:00,391.553995833333,160.6973013888888,299.0097541666666
2017-01-05T14:00:00+00:00,379.71761527777767,235.1918444444444,311.4010263888898
2017-01-05T15:00:00+00:00,767.6007333333342,515.2197791666667,543.1655486111138
2017-01-05T16:00:00+00:00,706.310090277778,579.8857124999995,496.07156805555644
2017-01-05T17:00:00+00:00,495.60333472222186,473.29418472222267,395.7933180555558
2017-01-05T18:00:00+00:00,629.6338694444447,560.731451388889,436.4835347222223
2017-01-05T19:00:00+00:00,828.849391666666,650.5816888888882,534.9122263888863
2017-01-05T20:00:00+00:00,574.2618999999994,430.3113930555538,417.8653833333334
2017-01-05T21:00:00+00:00,103.06562638888892,95.13014305555564,96.03166527777849
2017-01-05T22:00:00+00:00,35.60766944444452,17.425343055555555,15.054369444444397
2017-01-05T23:00:00+00:00,-0.005175000000000001,0.0,0.0
2017-01-06T00:00:00+00:00,0.0,0.0,0.0
2017-01-06T01:00:00+00:00,0.0,0.0,0.0
2017-01-06T02:00:00+00:00,0.0,0.0,0.0
2017-01-06T03:00:00+00:00,0.0,0.0,0.0
2017-01-06T04:00:00+00:00,0.0,0.0,0.0
2017-01-06T05:00:00+00:00,0.0,0.0,0.0
2017-01-06T06:00:00+00:00,0.0,0.0,0.0
2017-01-06T07:00:00+00:00,0.0,0.0,0.0
2017-01-06T08:00:00+00:00,0.0,0.0,0.0
2017-01-06T09:00:00+00:00,0.0,0.0,0.0
2017-01-06T10:00:00+00:00,0.0,0.0,0.0
2017-01-06T11:00:00+00:00,0.0,0.0,0.0
2017-01-06T12:00:00+00:00,0.0012638888888888884,0.0,0.3339638888888893
2017-01-06T13:00:00+00:00,4.808684722222218,7.089491666666659,9.625155555555537
2017-01-06T14:00:00+00:00,22.62091111111113,33.41786388888885,31.33180833333326
2017-01-06T15:00:00+00:00,57.213573611111116,79.55257499999993,72.58747222222244
2017-01-06T16:00:00+00:00,46.46630000000004,62.186693055555516,62.87474583333326
2017-01-06T17:00:00+00:00,54.03695555555551,70.61579027777772,77.83009444444376
2017-01-06T18:00:00+00:00,34.20631388888902,46.363422222222226,49.78375000000064
2017-01-06T19:00:00+00:00,19.16989027777778,30.134659722222167,28.99337083333319
2017-01-06T20:00:00+00:00,17.647936111111086,28.345231944444382,24.3184972222223
2017-01-06T21:00:00+00:00,9.556722222222215,16.473597222222256,18.04393194444435
2017-01-06T22:00:00+00:00,0.0003777777777777778,0.06209722222222219,0.15164305555555574
2017-01-06T23:00:00+00:00,0.0,0.0,0.0
2017-01-07T00:00:00+00:00,0.0,0.0,0.0
2017-01-07T01:00:00+00:00,0.0,0.0,0.0
2017-01-07T02:00:00+00:00,0.0,0.0,0.0
2017-01-07T03:00:00+00:00,0.0,0.0,0.0
2017-01-07T04:00:00+00:00,-0.007740277777777777,0.0,0.0
2017-01-07T05:00:00+00:00,0.0,0.0,0.0
2017-01-07T06:00:00+00:00,0.0,0.0,0.0
2017-01-07T07:00:00+00:00,0.0,0.0,0.0
2017-01-07T08:00:00+00:00,0.0,0.0,0.0
2017-01-07T09:00:00+00:00,0.0,0.0,0.0
2017-01-07T10:00:00+00:00,0.0,0.0,0.0
2017-01-07T11:00:00+00:00,0.0,0.0,0.0
2017-01-07T12:00:00+00:00,0.0,0.0,0.0
2017-01-07T13:00:00+00:00,4.957491666666679,8.632656944444426,6.781961111111074
2017-01-07T14:00:00+00:00,21.426756944444513,34.26470138888898,26.153283333333246
2017-01-07T15:00:00+00:00,73.707463888889,116.20192916666674,87.58244583333314
2017-01-07T16:00:00+00:00,281.15443055555585,309.9523069444438,273.1113680555551
2017-01-07T17:00:00+00:00,450.3022861111112,441.5458222222223,366.3384430555554
2017-01-07T18:00:00+00:00,884.5558999999993,763.9439111111103,559.9163666666673
2017-01-07T19:00:00+00:00,1020.7809875000017,802.8128375000002,650.8541361111085
2017-01-07T20:00:00+00:00,963.3938222222232,664.2948541666672,665.3289444444482
2017-01-07T21:00:00+00:00,766.628693055556,425.4317333333334,333.73972638888927
2017-01-07T22:00:00+00:00,212.32335416666658,57.39771111111126,14.4122263888888
2017-01-07T23:00:00+00:00,0.0,0.0,0.0
2017-01-08T00:00:00+00:00,0.0,0.0,0.0
2017-01-08T01:00:00+00:00,0.0,0.0,0.0
2017-01-08T02:00:00+00:00,0.0,0.0,0.0
2017-01-08T03:00:00+00:00,0.0,0.0,0.0
2017-01-08T04:00:00+00:00,0.0,0.0,-0.006820833333333334
2017-01-08T05:00:00+00:00,0.0,0.0,0.0
2017-01-08T06:00:00+00:00,0.0,-0.008855555555555556,0.0
2017-01-08T07:00:00+00:00,0.0,0.0,0.0
2017-01-08T08:00:00+00:00,0.0,0.0,0.0
2017-01-08T09:00:00+00:00,0.0,0.0,0.0
2017-01-08T10:00:00+00:00,0.0,0.0,0.0
2017-01-08T11:00:00+00:00,0.0,0.0,0.0
2017-01-08T12:00:00+00:00,3.581833333333333,2.192883333333335,2.9373694444444456
2017-01-08T13:00:00+00:00,542.3672513888891,180.0215583333333,394.99176388888924
2017-01-08T14:00:00+00:00,963.2595541666682,441.6278583333332,664.1688555555572
2017-01-08T15:00:00+00:00,1075.0850222222216,668.2969736111121,720.0310083333387
2017-01-08T16:00:00+00:00,1117.7964111111094,835.0269652777778,674.9558861111122
2017-01-08T17:00:00+00:00,1126.249972183589,923.390090403337,640.9756940194715
2017-01-08T18:00:00+00:00,981.7969013888882,830.5773305555555,595.6614652777769
2017-01-08T19:00:00+00:00,951.4109583333342,768.3358680555538,627.1548333333335
2017-01-08T20:00:00+00:00,640.7675041666661,485.5343986111111,473.55167638889026
2017-01-08T21:00:00+00:00,691.4418541666669,404.08823194444443,321.2363083333342
2017-01-08T22:00:00+00:00,187.11008750000005,64.37417499999991,23.2854277777778
2017-01-08T23:00:00+00:00,0.0,0.0,0.0
2017-01-09T00:00:00+00:00,0.0,0.0,0.0
2017-01-09T01:00:00+00:00,0.0,0.0,0.0
2017-01-09T02:00:00+00:00,-0.007655555555555556,0.0,0.0
2017-01-09T03:00:00+00:00,0.0,0.0,0.0
2017-01-09T04:00:00+00:00,0.0,0.0,0.0
2017-01-09T05:00:00+00:00,0.0,0.0,0.0
2017-01-09T06:00:00+00:00,0.0,0.0,0.0
2017-01-09T07:00:00+00:00,0.0,0.0,0.0
2017-01-09T08:00:00+00:00,0.0,0.0,0.0
2017-01-09T09:00:00+00:00,0.0,0.0,0.0
2017-01-09T10:00:00+00:00,0.0,0.0,0.0
2017-01-09T11:00:00+00:00,0.0,-0.00631111111111111,0.0
2017-01-09T12:00:00+00:00,3.164373611111115,2.193731944444443,2.578997222222221
2017-01-09T13:00:00+00:00,517.3319097222219,171.15399583333354,374.8842069444434
2017-01-09T14:00:00+00:00,919.9065749999996,424.6957138888887,639.4212916666665
2017-01-09T15:00:00+00:00,1033.1092319444454,646.0252055555568,697.1129138888901
2017-01-09T16:00:00+00:00,1077.7733347222206,808.0324263888857,656.69286111111
2017-01-09T17:00:00+00:00,1093.8952555555538,897.3538777777779,625.4608625000099
2017-01-09T18:00:00+00:00,1083.520933333334,904.3131902777799,636.3079069444418
2017-01-09T19:00:00+00:00,1023.0959083333317,808.1828819444444,660.075927777777
2017-01-09T20:00:00+00:00,826.5082347222216,582.4191347222223,580.9939750000009
2017-01-09T21:00:00+00:00,268.7168958333334,185.34347083333353,169.0963833333335
2017-01-09T22:00:00+00:00,37.3087083333335,23.124426388888928,17.46197083333319
2017-01-09T23:00:00+00:00,0.0,0.0,0.0
2017-01-10T00:00:00+00:00,0.0,0.0,0.0
2017-01-10T01:00:00+00:00,0.0,0.0,0.0
2017-01-10T02:00:00+00:00,0.0,0.0,0.0
2017-01-10T03:00:00+00:00,0.0,0.0,0.0
2017-01-10T04:00:00+00:00,0.0,0.0,0.0
2017-01-10T05:00:00+00:00,0.0,0.0,0.0
2017-01-10T06:00:00+00:00,0.0,0.0,0.0
2017-01-10T07:00:00+00:00,0.0,0.0,0.0
2017-01-10T08:00:00+00:00,0.0,0.0,0.0
2017-01-10T09:00:00+00:00,0.0,-0.006304166666666666,0.0
2017-01-10T10:00:00+00:00,0.0,0.0,0.0
2017-01-10T11:00:00+00:00,0.0,0.0,0.0
2017-01-10T12:00:00+00:00,3.9685152777777786,2.565825000000007,3.3582555555555484
2017-01-10T13:00:00+00:00,426.21819444444463,149.75756111111104,308.40405972222237
2017-01-10T14:00:00+00:00,776.1224444444445,370.35673333333335,548.8355611111111
2017-01-10T15:00:00+00:00,786.1730902777773,537.8919430555553,556.8655722222229
2017-01-10T16:00:00+00:00,1000.5626013888897,754.3625083333322,617.5470624999969
2017-01-10T17:00:00+00:00,1038.168868055555,853.3202055555548,599.5516361111128
2017-01-10T18:00:00+00:00,1010.8290999999997,847.161986111111,604.3975472222245
2017-01-10T19:00:00+00:00,927.1237541666668,739.0410999999995,603.9901125000004
2017-01-10T20:00:00+00:00,714.3915388888889,512.3691791666662,504.17728472222217
2017-01-10T21:00:00+00:00,400.0088138888895,246.52489444444473,232.41986944444434
2017-01-10T22:00:00+00:00,26.0407791666667,18.92748750000001,16.365747222222076
2017-01-10T23:00:00+00:00,0.0,0.0,0.0
2017-01-11T00:00:00+00:00,0.0,0.0,0.0
2017-01-11T01:00:00+00:00,0.0,0.0,0.0
2017-01-11T02:00:00+00:00,0.0,0.0,0.0
2017-01-11T03:00:00+00:00,0.0,0.0,0.0
2017-01-11T04:00:00+00:00,0.0,0.0,0.0
2017-01-11T05:00:00+00:00,0.0,0.0,0.0
2017-01-11T06:00:00+00:00,0.0,0.0,0.0
2017-01-11T07:00:00+00:00,0.0,0.0,0.0
2017-01-11T08:00:00+00:00,0.0,0.0,0.0
2017-01-11T09:00:00+00:00,0.0,0.0,0.0
2017-01-11T10:00:00+00:00,0.0,0.0,0.0
2017-01-11T11:00:00+00:00,0.0,0.0,0.0
2017-01-11T12:00:00+00:00,0.3803472222222223,1.0801319444444446,1.5456749999999992
2017-01-11T13:00:00+00:00,42.324402777777806,55.72584027777775,55.83136111111071
2017-01-11T14:00:00+00:00,84.05794722222231,100.46921944444429,102.973763888888
2017-01-11T15:00:00+00:00,172.7060569444445,213.23899305555528,188.1335763888886
2017-01-11T16:00:00+00:00,701.6160583333349,605.2617347222223,519.9751458333338
2017-01-11T17:00:00+00:00,973.1721084840053,816.4903004172472,597.6748970792769
2017-01-11T18:00:00+00:00,989.8812527777795,827.2195833333335,594.1694291666697
2017-01-11T19:00:00+00:00,916.4688583333352,729.7058583333338,604.1035319444461
2017-01-11T20:00:00+00:00,812.9968694444442,576.7498236111111,582.3808986111128
2017-01-11T21:00:00+00:00,431.9749722222221,267.16645972222165,243.7949027777771
2017-01-11T22:00:00+00:00,81.40923333333316,38.41443055555553,23.046713888888938
2017-01-11T23:00:00+00:00,0.0,0.0,0.0
2017-01-12T00:00:00+00:00,0.0,0.0,0.0
2017-01-12T01:00:00+00:00,0.0,0.0,0.0
2017-01-12T02:00:00+00:00,0.0,0.0,0.0
2017-01-12T03:00:00+00:00,0.0,-0.008515277777777778,0.0
2017-01-12T04:00:00+00:00,0.0,0.0,0.0
2017-01-12T05:00:00+00:00,0.0,0.0,0.0
2017-01-12T06:00:00+00:00,0.0,-0.008477777777777779,0.0
2017-01-12T07:00:00+00:00,0.0,0.0,0.0
2017-01-12T08:00:00+00:00,0.0,0.0,0.0
2017-01-12T09:00:00+00:00,0.0,0.0,0.0
2017-01-12T10:00:00+00:00,0.0,0.0,0.0
2017-01-12T11:00:00+00:00,0.0,-0.006402777777777778,0.0
2017-01-12T12:00:00+00:00,3.59049444444444,2.4914638888888843,3.601851388888899
2017-01-12T13:00:00+00:00,430.9922680555556,147.24869166666656,322.71462222222175
2017-01-12T14:00:00+00:00,818.4472750000004,381.707651388889,581.4309361111109
2017-01-12T15:00:00+00:00,943.3859986111102,590.4999708333326,650.0225374999966
2017-01-12T16:00:00+00:00,995.2080111111126,745.9734638888875,617.5944680555583
2017-01-12T17:00:00+00:00,1014.4868652777789,836.0032736111114,591.400940277779
2017-01-12T18:00:00+00:00,891.9473486111121,746.3163680555548,544.8277055555559
2017-01-12T19:00:00+00:00,785.8285652777765,633.2712152777779,522.15064166667
2017-01-12T20:00:00+00:00,857.5462555555554,598.9650958333331,600.903480555556
2017-01-12T21:00:00+00:00,666.4420930555555,377.3839027777773,331.3308638888888
2017-01-12T22:00:00+00:00,171.06934027777817,61.1143444444445,24.913002777778146
2017-01-12T23:00:00+00:00,0.0,0.0,0.0
2017-01-13T00:00:00+00:00,0.0,0.0,0.0
2017-01-13T01:00:00+00:00,0.0,0.0,0.0
2017-01-13T02:00:00+00:00,0.0,0.0,0.0
2017-01-13T03:00:00+00:00,0.0,0.0,0.0
2017-01-13T04:00:00+00:00,0.0,0.0,0.0
2017-01-13T05:00:00+00:00,0.0,0.0,0.0
2017-01-13T06:00:00+00:00,0.0,0.0,0.0
2017-01-13T07:00:00+00:00,0.0,0.0,0.0
2017-01-13T08:00:00+00:00,0.0,0.0,0.0
2017-01-13T09:00:00+00:00,0.0,-0.008475,0.0
2017-01-13T10:00:00+00:00,0.0,0.0,0.0
2017-01-13T11:00:00+00:00,0.0,0.0,0.0
2017-01-13T12:00:00+00:00,5.223718055555559,3.322170833333328,4.304086111111125
2017-01-13T13:00:00+00:00,374.62673750000016,133.95518750000036,279.9367791666668
2017-01-13T14:00:00+00:00,770.683568055555,368.6325027777773,550.5749250000038
2017-01-13T15:00:00+00:00,904.8961472222222,573.409911111111,628.0124680555497
2017-01-13T16:00:00+00:00,958.7475805555569,721.8943749999995,600.5894388888895
2017-01-13T17:00:00+00:00,989.0046541666675,816.3962513888875,586.4630444444471
2017-01-13T18:00:00+00:00,917.600138888889,779.2762416666664,568.1015499999991
2017-01-13T19:00:00+00:00,309.866327777778,255.06461944444442,231.74103888888865
2017-01-13T20:00:00+00:00,368.64394722222255,319.74418194444445,289.144086111112
2017-01-13T21:00:00+00:00,49.49771944444462,62.641445833333364,66.05883194444489
2017-01-13T22:00:00+00:00,5.089795833333325,8.018315277777834,11.28992500000003
2017-01-13T23:00:00+00:00,0.0,0.0,0.0
2017-01-14T00:00:00+00:00,0.0,0.0,0.0
2017-01-14T01:00:00+00:00,0.0,0.0,0.0
2017-01-14T02:00:00+00:00,0.0,0.0,0.0
2017-01-14T03:00:00+00:00,0.0,0.0,0.0
2017-01-14T04:00:00+00:00,0.0,0.0,0.0
2017-01-14T05:00:00+00:00,0.0,0.0,0.0
2017-01-14T06:00:00+00:00,0.0,0.0,0.0
2017-01-14T07:00:00+00:00,0.0,-0.03407222222222222,0.0
2017-01-14T08:00:00+00:00,0.0,-0.02555277777777778,0.0
2017-01-14T09:00:00+00:00,0.0,-0.008509722222222222,0.0
2017-01-14T10:00:00+00:00,0.0,0.0,0.0
2017-01-14T11:00:00+00:00,0.0,0.0,0.0
2017-01-14T12:00:00+00:00,6.2561027777777785,3.8756638888888872,5.97142222222224
2017-01-14T13:00:00+00:00,376.59553472222245,139.47074444444448,286.02711666666613
2017-01-14T14:00:00+00:00,720.5901722222221,355.9425361111113,531.879108333332
2017-01-14T15:00:00+00:00,907.0936083333336,580.5571111111115,639.1734194444437
2017-01-14T16:00:00+00:00,938.1785916666657,713.0582861111114,596.3967250000001
2017-01-14T17:00:00+00:00,936.2534180555568,797.8352194444441,573.2654805555555
2017-01-14T18:00:00+00:00,648.8588066759386,561.1642851182202,411.46001112656575
2017-01-14T19:00:00+00:00,495.5917777777774,431.71502638888876,373.7847999999998
2017-01-14T20:00:00+00:00,715.0832819444455,562.8028999999999,545.9727277777775
2017-01-14T21:00:00+00:00,85.08673055555569,91.57941111111147,95.04286666666685
2017-01-14T22:00:00+00:00,10.08723194444443,11.892574999999985,13.799941666666463
2017-01-14T23:00:00+00:00,0.0,0.0,0.0
2017-01-15T00:00:00+00:00,0.0,0.0,0.0
2017-01-15T01:00:00+00:00,0.0,0.0,0.0
2017-01-15T02:00:00+00:00,0.0,0.0,0.0
2017-01-15T03:00:00+00:00,0.0,0.0,0.0
2017-01-15T04:00:00+00:00,-0.01661666666666667,0.0,0.0
2017-01-15T05:00:00+00:00,0.0,0.0,0.0
2017-01-15T06:00:00+00:00,0.0,0.0,0.0
2017-01-15T07:00:00+00:00,0.0,0.0,0.0
2017-01-15T08:00:00+00:00,0.0,0.0,0.0
2017-01-15T09:00:00+00:00,0.0,0.0,0.0
2017-01-15T10:00:00+00:00,0.0,0.0,0.0
2017-01-15T11:00:00+00:00,0.0,0.0,0.0
2017-01-15T12:00:00+00:00,4.408391666666669,2.847450000000002,3.382140277777787
2017-01-15T13:00:00+00:00,224.65850138888865,101.49770833333328,179.533375
2017-01-15T14:00:00+00:00,582.0989722222222,293.6911861111113,424.5155124999991
2017-01-15T15:00:00+00:00,876.0981916666657,558.2273874999994,607.8608097222192
2017-01-15T16:00:00+00:00,969.0155583333341,733.0808347222226,609.1390722222255
2017-01-15T17:00:00+00:00,932.2481402777779,803.1497013888894,595.0485583333336
2017-01-15T18:00:00+00:00,789.5475694444447,706.7551652777776,557.6638625000004
2017-01-15T19:00:00+00:00,401.06321249999974,359.7116944444444,300.2561805555567
2017-01-15T20:00:00+00:00,351.1373791666663,297.08545555555577,281.8879513888888
2017-01-15T21:00:00+00:00,442.63384861111115,283.72942499999914,268.64407499999896
2017-01-15T22:00:00+00:00,30.075245833333344,15.778776388888925,10.678894444444506
2017-01-15T23:00:00+00:00,0.0,0.0,0.0
2017-01-16T00:00:00+00:00,0.0,0.0,0.0
2017-01-16T01:00:00+00:00,0.0,0.0,-0.009844444444444444
2017-01-16T02:00:00+00:00,0.0,0.0,0.0
2017-01-16T03:00:00+00:00,0.0,0.0,0.0
2017-01-16T04:00:00+00:00,0.0,0.0,0.0
2017-01-16T05:00:00+00:00,0.0,0.0,0.0
2017-01-16T06:00:00+00:00,0.0,0.0,-0.004355555555555556
2017-01-16T07:00:00+00:00,0.0,0.0,0.0
2017-01-16T08:00:00+00:00,0.0,0.0,0.0
2017-01-16T09:00:00+00:00,-0.01661666666666667,0.0,0.0
2017-01-16T10:00:00+00:00,0.0,0.0,0.0
2017-01-16T11:00:00+00:00,0.0,0.0,0.0
2017-01-16T12:00:00+00:00,6.543315277777783,4.1338166666666645,5.978370833333343
2017-01-16T13:00:00+00:00,91.08571111111097,61.80328194444454,89.23859305555578
2017-01-16T14:00:00+00:00,356.728272222222,225.2557666666672,283.0606375000004
2017-01-16T15:00:00+00:00,270.30826666666684,245.30495694444355,242.11677916666503
2017-01-16T16:00:00+00:00,205.42657222222195,238.29859583333314,243.01864583333287
2017-01-16T17:00:00+00:00,304.8346249999998,337.5935249999997,318.63062638888914
2017-01-16T18:00:00+00:00,430.1771736111108,427.96264305555513,375.95407083333316
2017-01-16T19:00:00+00:00,450.40535555555505,431.62037916666725,367.63200138888834
2017-01-16T20:00:00+00:00,107.80710416666676,125.15704444444398,117.04518194444418
2017-01-16T21:00:00+00:00,179.78602500000017,152.72070416666676,150.05955694444418
2017-01-16T22:00:00+00:00,9.210705555555565,10.678829166666663,11.593241666666652
2017-01-16T23:00:00+00:00,0.0,0.0,0.0
2017-01-17T00:00:00+00:00,0.0,0.0,0.0
2017-01-17T01:00:00+00:00,0.0,0.0,0.0
2017-01-17T02:00:00+00:00,0.0,0.0,0.0
2017-01-17T03:00:00+00:00,0.0,0.0,0.0
2017-01-17T04:00:00+00:00,0.0,0.0,0.0
2017-01-17T05:00:00+00:00,0.0,0.0,0.0
2017-01-17T06:00:00+00:00,0.0,0.0,0.0
2017-01-17T07:00:00+00:00,0.0,0.0,0.0
2017-01-17T08:00:00+00:00,0.0,-0.006448611111111111,0.0
2017-01-17T09:00:00+00:00,0.0,0.0,0.0
2017-01-17T10:00:00+00:00,0.0,0.0,0.0
2017-01-17T11:00:00+00:00,0.0,0.0,0.0
2017-01-17T12:00:00+00:00,0.4287083333333334,0.9762152777777781,1.881026388888887
2017-01-17T13:00:00+00:00,23.397813888888898,34.92258194444448,35.574591666666606
2017-01-17T14:00:00+00:00,77.3617527777779,97.73730972222202,94.79760138888872
2017-01-17T15:00:00+00:00,503.1365069444446,399.7278166666668,413.79599861111063
2017-01-17T16:00:00+00:00,760.4415097222223,609.3056319444445,534.4477791666669
2017-01-17T17:00:00+00:00,810.5319500000004,679.4837847222228,497.5103263888898
2017-01-17T18:00:00+00:00,902.8006333333324,779.6723986111116,573.4456736111113
2017-01-17T19:00:00+00:00,465.0391125000006,441.51318194444553,370.5360375000007
2017-01-17T20:00:00+00:00,137.56677638888885,157.46696250000005,147.0794944444443
2017-01-17T21:00:00+00:00,428.3568027777776,280.1459597222222,259.7034027777776
2017-01-17T22:00:00+00:00,37.445690277777814,25.000933333333236,20.49976666666662
2017-01-17T23:00:00+00:00,0.0,0.0,0.0
2017-01-18T00:00:00+00:00,0.0,0.0,0.0
2017-01-18T01:00:00+00:00,0.0,0.0,0.0
2017-01-18T02:00:00+00:00,0.0,0.0,0.0
2017-01-18T03:00:00+00:00,0.0,0.0,0.0
2017-01-18T04:00:00+00:00,0.0,0.0,0.0
2017-01-18T05:00:00+00:00,0.0,0.0,0.0
2017-01-18T06:00:00+00:00,0.0,0.0,0.0
2017-01-18T07:00:00+00:00,0.0,0.0,0.0
2017-01-18T08:00:00+00:00,0.0,0.0,0.0
2017-01-18T09:00:00+00:00,0.0,0.0,0.0
2017-01-18T10:00:00+00:00,0.0,0.0,0.0
2017-01-18T11:00:00+00:00,0.0,0.0,0.0
2017-01-18T12:00:00+00:00,2.3954166666666654,1.2986847222222226,2.9476583333333313
2017-01-18T13:00:00+00:00,389.2464944444448,135.47721944444424,290.5630652777778
2017-01-18T14:00:00+00:00,186.53545833333328,159.5607958333332,180.09597083333293
2017-01-18T15:00:00+00:00,469.6555791666661,360.90236666666675,383.40861666666746
2017-01-18T16:00:00+00:00,920.7109416666655,707.7245319444442,589.6018402777789
2017-01-18T17:00:00+00:00,981.078029166667,823.047459722222,603.5419500000005
2017-01-18T18:00:00+00:00,965.8717874999998,836.4100305555552,622.6521722222221
2017-01-18T19:00:00+00:00,944.9379485396378,780.6822976356049,652.2174061196118
2017-01-18T20:00:00+00:00,855.6498472222214,614.2171125000007,619.0654527777799
2017-01-18T21:00:00+00:00,641.8888125000002,387.3350972222232,374.31695694444505
2017-01-18T22:00:00+00:00,143.12925972222217,56.749695833333206,27.255137500000586
2017-01-18T23:00:00+00:00,0.0,0.0,0.0
2017-01-19T00:00:00+00:00,0.0,0.0,0.0
2017-01-19T01:00:00+00:00,0.0,0.0,-0.004923611111111111
2017-01-19T02:00:00+00:00,0.0,0.0,0.0
2017-01-19T03:00:00+00:00,0.0,0.0,0.0
2017-01-19T04:00:00+00:00,0.0,0.0,0.0
2017-01-19T05:00:00+00:00,0.0,0.0,0.0
2017-01-19T06:00:00+00:00,0.0,0.0,0.0
2017-01-19T07:00:00+00:00,0.0,0.0,0.0
2017-01-19T08:00:00+00:00,0.0,0.0,0.0
2017-01-19T09:00:00+00:00,0.0,-0.008516666666666667,0.0
2017-01-19T10:00:00+00:00,0.0,0.0,0.0
2017-01-19T11:00:00+00:00,0.0,0.0,0.0
2017-01-19T12:00:00+00:00,3.9907500000000002,2.38982638888889,3.746173611111123
2017-01-19T13:00:00+00:00,191.47451250000012,89.09282777777771,157.76735277777763
2017-01-19T14:00:00+00:00,505.63624722222187,259.68022916666655,392.73569722222163
2017-01-19T15:00:00+00:00,420.2322527777776,351.02430416666635,357.9378708333334
2017-01-19T16:00:00+00:00,228.57781666666656,262.38420138888887,249.39738750000123
2017-01-19T17:00:00+00:00,206.93360972222234,233.17025138888857,226.60154305555605
2017-01-19T18:00:00+00:00,154.20752222222225,190.9377277777785,193.18049999999926
2017-01-19T19:00:00+00:00,200.10035416666688,221.30789444444486,195.6179638888889
2017-01-19T20:00:00+00:00,332.8546722222221,302.82359166666646,289.34769722222217
2017-01-19T21:00:00+00:00,101.79463333333345,93.06568888888901,97.39805138888882
2017-01-19T22:00:00+00:00,8.615826388888923,10.053613888888986,11.590845833333345
2017-01-19T23:00:00+00:00,0.0,0.0,0.0
2017-01-20T00:00:00+00:00,0.0,0.0,0.0
2017-01-20T01:00:00+00:00,0.0,0.0,0.0
2017-01-20T02:00:00+00:00,0.0,0.0,0.0
2017-01-20T03:00:00+00:00,0.0,0.0,0.0
2017-01-20T04:00:00+00:00,0.0,0.0,0.0
2017-01-20T05:00:00+00:00,0.0,0.0,0.0
2017-01-20T06:00:00+00:00,0.0,0.0,0.0
2017-01-20T07:00:00+00:00,0.0,-0.008520833333333333,0.0
2017-01-20T08:00:00+00:00,0.0,-0.009555555555555555,0.0
2017-01-20T09:00:00+00:00,0.0,0.0,0.0
2017-01-20T10:00:00+00:00,0.0,0.0,0.0
2017-01-20T11:00:00+00:00,0.0,0.0,0.0
2017-01-20T12:00:00+00:00,0.18334166666666654,0.01933750000000001,1.6193249999999932
2017-01-20T13:00:00+00:00,94.71580138888892,50.675150000000095,34.20304583333312
2017-01-20T14:00:00+00:00,563.1093666666673,292.45094722222217,88.99477222222208
2017-01-20T15:00:00+00:00,478.279229166667,369.194166666667,179.1154624999998
2017-01-20T16:00:00+00:00,979.8567736111107,773.9087486111106,371.1744499999991
2017-01-20T17:00:00+00:00,899.7700583333321,777.0569013888893,506.33590555555463
2017-01-20T18:00:00+00:00,904.4713861111089,782.8262555555561,575.8716819444436
2017-01-20T19:00:00+00:00,711.622556944444,583.9773666666675,490.3244583333329
2017-01-20T20:00:00+00:00,761.1019708333353,559.4795236111107,531.8228083333333
2017-01-20T21:00:00+00:00,695.8627791666669,415.7892402777779,461.26594444444504
2017-01-20T22:00:00+00:00,203.9093680555558,85.04131249999992,81.06479027777647
2017-01-20T23:00:00+00:00,0.0,0.0,0.01415277777777778
2017-01-21T00:00:00+00:00,0.0,0.0,0.0
2017-01-21T01:00:00+00:00,0.0,0.0,0.0
2017-01-21T02:00:00+00:00,0.0,0.0,0.0
2017-01-21T03:00:00+00:00,0.0,0.0,0.0
2017-01-21T04:00:00+00:00,0.0,0.0,0.0
2017-01-21T05:00:00+00:00,0.0,-0.008520833333333333,0.0
2017-01-21T06:00:00+00:00,0.0,0.0,0.0
2017-01-21T07:00:00+00:00,0.0,-0.008520833333333333,0.0
2017-01-21T08:00:00+00:00,-0.00826111111111111,0.0,0.0
2017-01-21T09:00:00+00:00,0.0,0.0,0.0
2017-01-21T10:00:00+00:00,-0.007263888888888889,0.0,0.0
2017-01-21T11:00:00+00:00,0.0,0.0,0.0
2017-01-21T12:00:00+00:00,0.0,0.0,0.11995972222222208
2017-01-21T13:00:00+00:00,1.873313888888889,4.491579166666673,6.402155555555539
2017-01-21T14:00:00+00:00,0.0004791666666666668,0.1226166666666667,0.3925000000000009
2017-01-21T15:00:00+00:00,3.105011111111111,6.452761111111147,5.656072222222268
2017-01-21T16:00:00+00:00,7.771054166666677,12.0257097222223,11.000738888888955
2017-01-21T17:00:00+00:00,2.9676472222222294,5.657326388888911,5.311029166666741
2017-01-21T18:00:00+00:00,8.201624999999984,12.486440277777806,12.250566666666616
2017-01-21T19:00:00+00:00,58.09542361111108,81.18414166666673,79.13242083333301
2017-01-21T20:00:00+00:00,69.17434583333332,99.50042361111139,94.77786111111105
2017-01-21T21:00:00+00:00,28.928788888888953,43.11266388888877,41.253563888888905
2017-01-21T22:00:00+00:00,17.511830555555576,24.313416666666534,23.549208333333464
2017-01-21T23:00:00+00:00,0.0,0.0,0.0
2017-01-22T00:00:00+00:00,0.0,0.0,0.0
2017-01-22T01:00:00+00:00,0.0,0.0,0.0
2017-01-22T02:00:00+00:00,0.0,0.0,0.0
2017-01-22T03:00:00+00:00,0.0,0.0,0.0
2017-01-22T04:00:00+00:00,0.0,0.0,0.0
2017-01-22T05:00:00+00:00,0.0,0.0,0.0
2017-01-22T06:00:00+00:00,0.0,0.0,0.0
2017-01-22T07:00:00+00:00,0.0,0.0,0.0
2017-01-22T08:00:00+00:00,0.0,0.0,0.0
2017-01-22T09:00:00+00:00,0.0,0.0,0.0
2017-01-22T10:00:00+00:00,0.0,0.0,0.0
2017-01-22T11:00:00+00:00,0.0,0.0,0.0
2017-01-22T12:00:00+00:00,1.5189694444444446,2.058463888888887,1.6637541666666664
2017-01-22T13:00:00+00:00,41.264549999999986,53.590429166666674,45.800422222222124
2017-01-22T14:00:00+00:00,73.06536111111113,91.97411805555544,79.07463749999997
2017-01-22T15:00:00+00:00,64.37986388888886,92.50954444444427,86.94628194444432
2017-01-22T16:00:00+00:00,120.35200277777787,156.53022361111127,146.64108194444407
2017-01-22T17:00:00+00:00,62.66350833333337,78.77174166666649,74.32619583333322
2017-01-22T18:00:00+00:00,88.10265138888897,113.36822916666677,108.60857777777788
2017-01-22T19:00:00+00:00,52.74755972222207,72.28105416666675,71.96113055555638
2017-01-22T20:00:00+00:00,11.343322670375509,18.969859527121024,18.50502364394996
2017-01-22T21:00:00+00:00,6.058633333333316,12.116793055555592,10.729019444444488
2017-01-22T22:00:00+00:00,1.2518111111111119,3.7590194444444416,2.9108249999999836
2017-01-22T23:00:00+00:00,0.0,-0.006448611111111111,0.0
2017-01-23T00:00:00+00:00,0.0,-0.006448611111111111,0.0
2017-01-23T01:00:00+00:00,0.0,0.0,0.0
2017-01-23T02:00:00+00:00,-0.007263888888888889,0.0,0.0
2017-01-23T03:00:00+00:00,0.0,0.0,0.0
2017-01-23T04:00:00+00:00,0.0,0.0,0.0
2017-01-23T05:00:00+00:00,0.0,-0.01162361111111111,0.0
2017-01-23T06:00:00+00:00,0.0,0.0,0.0
2017-01-23T07:00:00+00:00,0.0,0.0,0.0
2017-01-23T08:00:00+00:00,0.0,0.0,0.0
2017-01-23T09:00:00+00:00,0.0,0.0,0.0
2017-01-23T10:00:00+00:00,0.0,0.0,0.0
2017-01-23T11:00:00+00:00,0.0,0.0,-0.006959722222222222
2017-01-23T12:00:00+00:00,2.643673611111109,1.5720777777777784,2.5166930555555638
2017-01-23T13:00:00+00:00,395.4088055555562,147.8086361111114,45.06366111111114
2017-01-23T14:00:00+00:00,400.7719930555554,248.57517777777772,119.75809722222219
2017-01-23T15:00:00+00:00,334.3188763888887,297.0252333333331,185.9545041666666
2017-01-23T16:00:00+00:00,257.15303750000027,282.7406013888891,237.6245638888885
2017-01-23T17:00:00+00:00,312.1231694444445,340.6278694444441,288.2390944444436
2017-01-23T18:00:00+00:00,516.6992291666666,509.9911744022508,418.8062847222217
2017-01-23T19:00:00+00:00,197.43797361111135,211.20450972222227,189.78594027777743
2017-01-23T20:00:00+00:00,789.1037663421415,598.6155326842841,591.923382475661
2017-01-23T21:00:00+00:00,775.6292750000009,455.3201819444448,448.44126805555544
2017-01-23T22:00:00+00:00,257.536288888889,109.75321805555551,50.377009722221636
2017-01-23T23:00:00+00:00,0.0,0.0,0.0
2017-01-24T00:00:00+00:00,0.0,0.0,0.0
2017-01-24T01:00:00+00:00,0.0,0.0,0.0
2017-01-24T02:00:00+00:00,0.0,0.0,0.0
2017-01-24T03:00:00+00:00,0.0,0.0,0.0
2017-01-24T04:00:00+00:00,0.0,0.0,0.0
2017-01-24T05:00:00+00:00,0.0,0.0,0.0
2017-01-24T06:00:00+00:00,0.0,0.0,0.0
2017-01-24T07:00:00+00:00,-0.018705555555555555,0.0,0.0
2017-01-24T08:00:00+00:00,0.0,0.0,0.0
2017-01-24T09:00:00+00:00,0.0,0.0,-0.006959722222222222
2017-01-24T10:00:00+00:00,0.0,0.0,0.0
2017-01-24T11:00:00+00:00,0.0,0.0,0.0
2017-01-24T12:00:00+00:00,4.568670833333332,2.805904166666667,12.142833333333334
2017-01-24T13:00:00+00:00,507.4069361111115,167.49366944444438,403.10891527777875
2017-01-24T14:00:00+00:00,912.0554861111109,420.71617777777806,622.5804444444448
2017-01-24T15:00:00+00:00,1027.219584722222,647.2085708333328,714.9072263888906
2017-01-24T16:00:00+00:00,1068.867102777777,814.1458527777795,697.3998138888901
2017-01-24T17:00:00+00:00,1088.551470833334,913.9844736111116,667.8856416666705
2017-01-24T18:00:00+00:00,1080.4791874999985,927.8838888888885,673.1052791666647
2017-01-24T19:00:00+00:00,1053.3647152777771,860.4089874999995,709.4705486111128
2017-01-24T20:00:00+00:00,987.5083351877611,710.9267552155775,720.1818525730176
2017-01-24T21:00:00+00:00,823.3606972222213,480.81713472222253,484.5606416666669
2017-01-24T22:00:00+00:00,373.84385416666686,134.17871944444437,58.86334305555532
2017-01-24T23:00:00+00:00,0.0,0.0,0.0
2017-01-25T00:00:00+00:00,0.0,0.0,0.0
2017-01-25T01:00:00+00:00,0.0,0.0,0.0
2017-01-25T02:00:00+00:00,0.0,0.0,0.0
2017-01-25T03:00:00+00:00,0.0,0.0,0.0
2017-01-25T04:00:00+00:00,0.0,-0.01055,0.0
2017-01-25T05:00:00+00:00,0.0,0.0,0.0
2017-01-25T06:00:00+00:00,-0.008262499999999999,0.0,0.0
2017-01-25T07:00:00+00:00,0.0,0.0,0.0
2017-01-25T08:00:00+00:00,-0.016524999999999998,0.0,0.0
2017-01-25T09:00:00+00:00,0.0,0.0,0.0
2017-01-25T10:00:00+00:00,0.0,-0.008429166666666666,0.0
2017-01-25T11:00:00+00:00,0.0,0.0,0.0
2017-01-25T12:00:00+00:00,4.059029166666666,2.954015277777783,14.560015277777772
2017-01-25T13:00:00+00:00,530.8801805555551,172.63838611111103,420.6634722222213
2017-01-25T14:00:00+00:00,904.6677541666677,421.68456111111107,615.8968375
2017-01-25T15:00:00+00:00,1007.7888986111128,637.2191361111113,696.1412486111105
2017-01-25T16:00:00+00:00,1055.0588138888886,804.3474402777765,689.3204111111124
2017-01-25T17:00:00+00:00,1008.7681111111125,850.8064013888885,623.647254166667
2017-01-25T18:00:00+00:00,852.2277458333336,743.5508361111115,554.4426736111128
2017-01-25T19:00:00+00:00,885.7203347222227,738.1326361111103,616.8800749999999
2017-01-25T20:00:00+00:00,556.5373875000001,440.14786250000043,431.8314805555549
2017-01-25T21:00:00+00:00,671.5708305555556,409.64529861111095,401.0791097222225
2017-01-25T22:00:00+00:00,313.78668611111095,124.37271249999982,59.65207361111081
2017-01-25T23:00:00+00:00,0.0,0.0,0.0
2017-01-26T00:00:00+00:00,0.0,0.0,0.0
2017-01-26T01:00:00+00:00,0.0,0.0,-0.004923611111111111
2017-01-26T02:00:00+00:00,0.0,0.0,0.0
2017-01-26T03:00:00+00:00,0.0,0.0,0.0
2017-01-26T04:00:00+00:00,0.0,-0.006965277777777778,0.0
2017-01-26T05:00:00+00:00,0.0,0.0,0.0
2017-01-26T06:00:00+00:00,0.0,0.0,0.0
2017-01-26T07:00:00+00:00,0.0,0.0,0.0
2017-01-26T08:00:00+00:00,0.0,0.0,0.0
2017-01-26T09:00:00+00:00,0.0,0.0,0.0
2017-01-26T10:00:00+00:00,0.0,0.0,0.0
2017-01-26T11:00:00+00:00,0.0,0.0,0.0
2017-01-26T12:00:00+00:00,2.129858333333333,2.0235291666666675,5.172780555555556
2017-01-26T13:00:00+00:00,303.382325,137.7655722222223,263.7285319444443
2017-01-26T14:00:00+00:00,678.734584722222,340.74434583333334,440.0879333333329
2017-01-26T15:00:00+00:00,1003.0238902777779,639.0963263888885,692.7883361111111
2017-01-26T16:00:00+00:00,1073.024090277778,818.9241666666662,704.4336791666666
2017-01-26T17:00:00+00:00,1080.2837819444446,912.1349208333336,669.5670694444448
2017-01-26T18:00:00+00:00,1049.2292666666667,915.3209541666656,674.6794611111111
2017-01-26T19:00:00+00:00,1066.4349374999988,878.8676527777769,724.5092972222227
2017-01-26T20:00:00+00:00,1014.0169568845623,734.6630778859527,740.2613518776133
2017-01-26T21:00:00+00:00,856.0805361111112,503.0425124999998,514.6324902777783
2017-01-26T22:00:00+00:00,411.82475694444406,145.41160138888873,68.78345416666627
2017-01-26T23:00:00+00:00,0.0,0.0,0.0
2017-01-27T00:00:00+00:00,0.0,0.0,0.0
2017-01-27T01:00:00+00:00,0.0,0.0,0.0
2017-01-27T02:00:00+00:00,0.0,0.0,0.0
2017-01-27T03:00:00+00:00,0.0,0.0,0.0
2017-01-27T04:00:00+00:00,0.0,0.0,0.0
2017-01-27T05:00:00+00:00,0.0,0.0,0.0
2017-01-27T06:00:00+00:00,-0.009306944444444446,0.0,0.0
2017-01-27T07:00:00+00:00,0.0,0.0,0.0
2017-01-27T08:00:00+00:00,0.0,0.0,0.0
2017-01-27T09:00:00+00:00,0.0,0.0,0.0
2017-01-27T10:00:00+00:00,0.0,0.0,0.0
2017-01-27T11:00:00+00:00,0.0,0.0,-0.004793055555555556
2017-01-27T12:00:00+00:00,5.832244444444455,3.222991666666672,17.525968055555563
2017-01-27T13:00:00+00:00,556.4088902777779,176.39735555555546,436.38639305555546
2017-01-27T14:00:00+00:00,907.7458236111102,423.1897638888886,611.2095555555559
2017-01-27T15:00:00+00:00,1040.0596652777776,660.9646500000007,700.259040277778
2017-01-27T16:00:00+00:00,1081.2751291666677,830.7271541666645,707.2043694444473
2017-01-27T17:00:00+00:00,1108.2518013888896,933.0753916666677,679.3148666666659
2017-01-27T18:00:00+00:00,1084.2344861111114,933.2033263888886,672.8486555555567
2017-01-27T19:00:00+00:00,968.7176402777783,804.8922430555548,647.4439597222229
2017-01-27T20:00:00+00:00,884.196086111112,659.1502750000006,652.5396652777792
2017-01-27T21:00:00+00:00,352.41858472222276,247.20235416666688,266.46698194444457
2017-01-27T22:00:00+00:00,39.77067361111118,36.538797222222264,37.299491666666874
2017-01-27T23:00:00+00:00,0.0,0.0,-0.006438888888888889
2017-01-28T00:00:00+00:00,0.0,0.0,0.0
2017-01-28T01:00:00+00:00,0.0,0.0,0.0
2017-01-28T02:00:00+00:00,0.0,0.0,-0.006430555555555556
2017-01-28T03:00:00+00:00,0.0,0.0,0.0
2017-01-28T04:00:00+00:00,0.0,0.0,0.0
2017-01-28T05:00:00+00:00,0.0,0.0,0.0
2017-01-28T06:00:00+00:00,0.0,0.0,0.0
2017-01-28T07:00:00+00:00,0.0,0.0,0.0
2017-01-28T08:00:00+00:00,0.0,0.0,0.0
2017-01-28T09:00:00+00:00,0.0,0.0,0.0
2017-01-28T10:00:00+00:00,0.0,0.0,0.0
2017-01-28T11:00:00+00:00,0.0,0.0,0.0
2017-01-28T12:00:00+00:00,4.875986111111112,3.0705916666666666,21.401055555555562
2017-01-28T13:00:00+00:00,575.8164958333331,181.98715277777777,461.1713236111128
2017-01-28T14:00:00+00:00,949.9461499999992,437.7966444444447,626.6131208333317
2017-01-28T15:00:00+00:00,1056.2866277777766,669.0589986111121,725.8027930555609
2017-01-28T16:00:00+00:00,1106.0094944444459,846.5141888888902,728.8619430555582
2017-01-28T17:00:00+00:00,1120.001159722224,944.9335291666679,694.0917500000046
2017-01-28T18:00:00+00:00,1108.128438888888,958.1521208333323,696.2891513888796
2017-01-28T19:00:00+00:00,1074.7965291666649,886.7195555555547,729.3904597222231
2017-01-28T20:00:00+00:00,1001.3073680555551,730.6288791666665,736.3492250000028
2017-01-28T21:00:00+00:00,845.2160944444436,500.89204444444476,522.3260180555565
2017-01-28T22:00:00+00:00,412.45458749999983,151.57321249999958,78.7158569444439
2017-01-28T23:00:00+00:00,9.444444444444446e-05,0.0,0.005631944444444444
2017-01-29T00:00:00+00:00,0.0,0.0,0.0
2017-01-29T01:00:00+00:00,0.0,0.0,0.0
2017-01-29T02:00:00+00:00,0.0,0.0,0.0
2017-01-29T03:00:00+00:00,0.0,0.0,0.0
2017-01-29T04:00:00+00:00,0.0,0.0,0.0
2017-01-29T05:00:00+00:00,0.0,-0.021002777777777776,0.0
2017-01-29T06:00:00+00:00,0.0,0.0,0.0
2017-01-29T07:00:00+00:00,0.0,0.0,0.0
2017-01-29T08:00:00+00:00,0.0,0.0,0.0
2017-01-29T09:00:00+00:00,0.0,0.0,0.0
2017-01-29T10:00:00+00:00,0.0,0.0,0.0
2017-01-29T11:00:00+00:00,0.0,0.0,0.0
2017-01-29T12:00:00+00:00,6.459323611111125,3.8547763888888933,21.22136388888887
2017-01-29T13:00:00+00:00,532.0413555555558,175.7053583333331,436.01116527777947
2017-01-29T14:00:00+00:00,841.464951388889,399.38245833333355,588.7264291666662
2017-01-29T15:00:00+00:00,1002.8472291666683,643.4112319444436,717.0266083333343
2017-01-29T16:00:00+00:00,1069.0246430555535,822.4909305555552,712.8151069444409
2017-01-29T17:00:00+00:00,921.0582208333344,803.9560111111113,627.2865722222222
2017-01-29T18:00:00+00:00,518.0828472222228,498.08454861111153,419.18902777777845
2017-01-29T19:00:00+00:00,138.3322013888887,165.97804444444432,153.0213861111114
2017-01-29T20:00:00+00:00,191.5894527777779,193.16374027777772,177.68503472222227
2017-01-29T21:00:00+00:00,41.524225000000044,50.73729305555567,47.39743888888889
2017-01-29T22:00:00+00:00,98.8998861111111,23.81928888888882,18.487251388888883
2017-01-29T23:00:00+00:00,-0.009305555555555556,-0.010566666666666667,0.015702777777777777
2017-01-30T00:00:00+00:00,0.0,0.0,0.0
2017-01-30T01:00:00+00:00,0.0,0.0,0.0
2017-01-30T02:00:00+00:00,0.0,0.0,0.0
2017-01-30T03:00:00+00:00,0.0,0.0,0.0
2017-01-30T04:00:00+00:00,0.0,0.0,0.0
2017-01-30T05:00:00+00:00,0.0,0.0,0.0
2017-01-30T06:00:00+00:00,0.0,0.0,0.0
2017-01-30T07:00:00+00:00,0.0,0.0,0.0
2017-01-30T08:00:00+00:00,0.0,0.0,0.0
2017-01-30T09:00:00+00:00,0.0,0.0,0.0
2017-01-30T10:00:00+00:00,0.0,0.0,0.0
2017-01-30T11:00:00+00:00,0.0,0.0,0.0
2017-01-30T12:00:00+00:00,6.936179166666666,4.189847222222235,25.86015
2017-01-30T13:00:00+00:00,529.8019847222217,175.55357916666648,437.81274305555667
2017-01-30T14:00:00+00:00,914.4048000000004,428.52443194444504,633.7876291666677
2017-01-30T15:00:00+00:00,1032.6251138888877,659.5186791666666,742.9477666666645
2017-01-30T16:00:00+00:00,1081.7708930555536,833.7345444444447,722.722715277778
2017-01-30T17:00:00+00:00,1092.5622736111097,929.4623958333316,689.7577888888912
2017-01-30T18:00:00+00:00,1089.8675124999968,949.8340958333333,696.2271847222174
2017-01-30T19:00:00+00:00,1062.5473222222224,883.0364972222231,729.8376611111127
2017-01-30T20:00:00+00:00,991.9803513888894,728.713491666666,736.0810750000009
2017-01-30T21:00:00+00:00,836.0842986111112,498.99844583333373,530.5559263888891
2017-01-30T22:00:00+00:00,419.698259722222,158.49191805555557,90.51370277777748
2017-01-30T23:00:00+00:00,0.0033194444444444426,-0.010591666666666668,0.038188888888888904
2017-01-31T00:00:00+00:00,0.0,0.0,0.0
2017-01-31T01:00:00+00:00,0.0,0.0,0.0
2017-01-31T02:00:00+00:00,0.0,0.0,0.0
2017-01-31T03:00:00+00:00,0.0,0.0,0.0
2017-01-31T04:00:00+00:00,0.0,0.0,0.0
2017-01-31T05:00:00+00:00,0.0,0.0,0.0
2017-01-31T06:00:00+00:00,0.0,0.0,0.0
2017-01-31T07:00:00+00:00,0.0,0.0,0.0
2017-01-31T08:00:00+00:00,0.0,0.0,0.0
2017-01-31T09:00:00+00:00,0.0,0.0,0.0
2017-01-31T10:00:00+00:00,0.0,0.0,0.0
2017-01-31T11:00:00+00:00,0.0,0.0,0.0
2017-01-31T12:00:00+00:00,7.044984722222218,4.87230833333334,25.196937499999994
2017-01-31T13:00:00+00:00,495.01262083333364,168.63722500000011,413.75105138888966
2017-01-31T14:00:00+00:00,875.8507055555577,414.2277874999998,619.6062069444445
2017-01-31T15:00:00+00:00,991.097998611114,635.3877097222231,724.9277944444455
2017-01-31T16:00:00+00:00,1036.0332500000022,800.7497847222214,701.921719444444
2017-01-31T17:00:00+00:00,1048.845936111111,895.3224652777783,673.9576791666678
2017-01-31T18:00:00+00:00,1006.4681138888881,882.7064249999996,658.8455388888877
2017-01-31T19:00:00+00:00,980.0831833333322,820.0081152777766,684.9276958333398
2017-01-31T20:00:00+00:00,939.1406097222238,691.7138652777775,702.1831972222215
2017-01-31T21:00:00+00:00,780.3215638888881,468.11655833333396,504.42436111111044
2017-01-31T22:00:00+00:00,348.5280583333334,140.6119430555557,87.15716527777741
2017-01-31T23:00:00+00:00,0.062140277777777767,0.0,0.05689166666666668
